,LTx,LRx,M,k,Lmt,Lmr,Llt,Llr
0,479.085121827475,474.34565750076,458.59787616809,0.962007001011644,443.372904758901,438.986732093966,35.7122170685738,35.358925406794
